<?xml version="1.0" encoding="UTF-8"?>
<project-private xmlns="http://www.netbeans.org/ns/project-private/1">
    <editor-bookmarks xmlns="http://www.netbeans.org/ns/editor-bookmarks/2" lastBookmarkId="0"/>
    <open-files xmlns="http://www.netbeans.org/ns/projectui-open-files/2">
        <group>
            <file>file:/C:/Users/ASUS_A456UR/Documents/pendaftaranbtng/src/pendaftaranbtng/koneksidb.java</file>
            <file>file:/C:/Users/ASUS_A456UR/Documents/pendaftaranbtng/src/pendaftaranbtng/daftar.java</file>
            <file>file:/C:/Users/ASUS_A456UR/Documents/pendaftaranbtng/src/pendaftaranbtng/awal.java</file>
            <file>file:/C:/Users/ASUS_A456UR/Documents/pendaftaranbtng/src/pendaftaranbtng/login.java</file>
            <file>file:/C:/Users/ASUS_A456UR/Documents/pendaftaranbtng/src/pendaftaranbtng/adminpanel.java</file>
            <file>file:/C:/Users/ASUS_A456UR/Documents/pendaftaranbtng/src/pendaftaranbtng/bg.java</file>
            <file>file:/C:/Users/ASUS_A456UR/Documents/pendaftaranbtng/src/pendaftaranbtng/daftarbtng.java</file>
            <file>file:/C:/Users/ASUS_A456UR/Documents/pendaftaranbtng/src/pendaftaranbtng/admin.java</file>
        </group>
    </open-files>
</project-private>
